loss,accuracy,f1_m,precision_m,recall_m,val_loss,val_accuracy,val_f1_m,val_precision_m,val_recall_m
0.6045933365821838,0.656624972820282,0.6139680743217468,0.6672689914703369,0.606945276260376,0.5265493988990784,0.7484999895095825,0.7335138320922852,0.7686305642127991,0.7040243148803711
0.4585743248462677,0.7950937747955322,0.7967885732650757,0.7937074303627014,0.8043555617332458,0.5118793845176697,0.7607499957084656,0.7647087574005127,0.7430198192596436,0.7891407012939453
0.41052353382110596,0.8252187371253967,0.8263428807258606,0.8228594064712524,0.832541286945343,0.5342798233032227,0.7512500286102295,0.7565280199050903,0.7312331795692444,0.7851330041885376
0.37446659803390503,0.8449687361717224,0.8448389172554016,0.845950186252594,0.8468974828720093,0.5525229573249817,0.7453749775886536,0.7512080669403076,0.7244709730148315,0.7812837362289429
0.3219727873802185,0.8705937266349792,0.8701603412628174,0.8740881085395813,0.8685528039932251,0.5847066044807434,0.7368749976158142,0.733780562877655,0.7326738834381104,0.7362686395645142
