loss,accuracy,f1_m,precision_m,recall_m,val_loss,val_accuracy,val_f1_m,val_precision_m,val_recall_m
0.4872908592224121,0.5019687414169312,0.663844108581543,0.5019687414169312,1.0,0.4499039351940155,0.4948750138282776,0.6575574278831482,0.4948750138282776,1.0
0.345598042011261,0.5019687414169312,0.6638410687446594,0.5019687414169312,1.0,0.4879443645477295,0.4948750138282776,0.6575574278831482,0.4948750138282776,1.0
0.2695354223251343,0.5019687414169312,0.6641839742660522,0.5019687414169312,1.0,0.5645780563354492,0.4948750138282776,0.6575574278831482,0.4948750138282776,1.0
0.2143694907426834,0.5019687414169312,0.6637923717498779,0.5019687414169312,1.0,0.645356297492981,0.4948750138282776,0.6575574278831482,0.4948750138282776,1.0
0.17374877631664276,0.5019687414169312,0.6638476848602295,0.5019687414169312,1.0,0.6968187689781189,0.4948750138282776,0.6575574278831482,0.4948750138282776,1.0
